<?xml version="1.0" encoding="UTF-8"?>

<ProductCatalog>

<PhonesCatalog>
    <phones id="Samsung">
        <name>Samsung PRO</name>
        <price>499.99</price>
        <image>galaxys7.jpg</image>
		<os>Android</os>
        <discount>15.0</discount>
        <accessories>
            <accessory>Galaxy Gear VR</accessory>
            <accessory>Galaxy Gear Fit2 Pro</accessory>
        </accessories>
    </phones>
	
	 <phones id="Galaxy s8">
        <name>Samsung NOTE 8</name>
        <price>599.99</price>
        <image>galaxys8.jpg</image>
		<os>Android</os>
        <discount>5.0</discount>
        <accessories>
            <accessory>Galaxy Gear VR</accessory>
            <accessory>Galaxy Gear Fit2 Pro</accessory>
        </accessories>
    </phones>
	
	  <phones id="Galaxy s9">
        <name>Samsung Galaxy Pro
        </name>
        <price>699.99</price>
        <image>galaxys9.jpg</image>
		<os>Android</os>
        <accessories>
            <accessory>Galaxy Gear VR</accessory>
            <accessory>Galaxy Gear Fit2 Pro</accessory>
			<accessory>Tempered Glass</accessory>
        </accessories>
    </phones>
	
	  <phones id="Pixel1">
        <name>Google Pixel 1</name>
        <price>399.99</price>
        <image>Pixel1.jpg</image>
		<os>Android</os>
        <discount>75.0</discount>
        <accessories>
            <accessory>Headset</accessory>
        </accessories>
    </phones>
	
	   <phones id="Pixel2">
        <name>Google Pixel 2</name>
        <price>499.99</price>
        <image>Pixel2.jpg</image>
		<os>Android</os>
        <discount>35.0</discount>
        <accessories>
            <accessory>Google Pixelbook pen </accessory>
        </accessories>
    </phones>
	
	  <phones id="Pixel3">
        <name>Google Pixel 3</name>
        <price>599.99</price>
        <image>Pixel3.jpg</image>
		<os>Android</os>
        <accessories>
            <accessory>Google Pixelbook pen </accessory>
        </accessories>
    </phones>
	
	  <phones id="Iphone8">
        <name>Iphone 8</name>
        <price>799.99</price>
        <image>iphone8.jpg</image>
		<os>IOS</os>
        <discount>65.0</discount>
        <accessories>
            <accessory>AirPods</accessory>
            <accessory>Spigen Style Ring</accessory>
        </accessories>
    </phones>
	
	  <phones id="Iphone X">
        <name>Iphone X</name>
        <price>899.99</price>
        <image>iphonex.jpg</image>
		<os>IOS</os>
        <discount>27.0</discount>
        <accessories>
            <accessory>Spigen Style Ring</accessory>
        </accessories>
    </phones>
	
	<phones id="IphoneXS">
        <name>Iphone XS</name>
        <price>999.99</price>
        <image>IphoneXS.jpg</image>
		<os>IOS</os>
        <discount>30.0</discount>
        <accessories>
            <accessory>Charge Stream Pad+</accessory>
            <accessory>USB-C to Lightning Cable</accessory>
        </accessories>
    </phones>
	
	<phones id="SamsungZ3">
        <name>Samsung Z3</name>
        <price>299.99</price>
        <image>samsungz3.jpg</image>
		<os>Tizen</os>
        <discount>55.0</discount>
        <accessories>
            <accessory>Z3 Case</accessory>
        </accessories>
    </phones>
	
</PhonesCatalog>

<LaptopsCatalog>
    <laptops id="Asus 2">
        <name>Asus Aspire 5</name>
        <price>234.99</price>
        <image>asusaspire5.jpg</image>
        <processor>i3</processor>
        <discount>20.0</discount>
    </laptops>
	
	<laptops id="Dell Inspiron">
        <name>Dell Inspiron I3</name>
        <price>234.99</price>
        <image>dellinspiron.jpg</image>
        <processor>i5</processor>
        <discount>10.0</discount>
		<accessories>
            <accessory>Power Cable</accessory>
        </accessories>
    </laptops>
	
	<laptops id="DellXPS">
        <name>Dell XPS 13</name>
        <price>899.99</price>
        <image>dellxps.jpg</image>
        <processor>i7</processor>
        <discount>20.0</discount>
    </laptops>
	
	<laptops id="Microsoft ">
        <name>Lenovo yoga</name>
        <price>234.99</price>
        <image>lenovoyoga.jpg</image>
        <processor>i7</processor>
        <discount>2099.99</discount>
    </laptops>
	
	<laptops id="LenovoIdeaPad">
        <name>Lenovo Idea Pad</name>
        <price>249.99</price>
        <image>lenovoideapad.jpg</image>
        <processor>i7</processor>
        <discount>20.0</discount>
    </laptops>
	
	<laptops id="HPEnvy">
        <name>HP Envy</name>
        <price>759.99</price>
        <image>hpenvy.jpg</image>
        <processor>i5</processor>
        <discount>10.0</discount>
    </laptops>
	
	<laptops id="AsusAspire">
        <name>Asus Aspire 5</name>
        <price>234.99</price>
        <image>asusaspire5.jpg</image>
        <processor>i5</processor>
        <discount>20.0</discount>
		 <accessories>
            <accessory>Power Cable</accessory>
        </accessories>
    </laptops>
	
	<laptops id="Macbook Air">
        <name>Macbook Air</name>
        <price>1234.99</price>
        <image>MacbookAir.jpg</image>
        <processor>i5</processor>
        <discount>20.0</discount>
		 <accessories>
            <accessory>Power Cable</accessory>
        </accessories>
    </laptops>
	
	<laptops id="Macbook Pro">
        <name>Asus Aspire 5</name>
        <price>1200.99</price>
        <image>MacbookPro.jpg</image>
        <processor>i5</processor>
        <discount>20.0</discount>
		 <accessories>
            <accessory>Power Cable</accessory>
        </accessories>
    </laptops>
	
	<laptops id="LenovoThinkpadT470">
        <name>Lenovo Thinkpad T470</name>
        <price>640.99</price>
        <image>LenovoThinkpadT470.jpg</image>
        <processor>i5</processor>
        <discount>10.0</discount>
		 <accessories>
            <accessory>Power Cable</accessory>
        </accessories>
    </laptops>
	
	
</LaptopsCatalog>

<SmartSpeakerCatalog>

    <smartspeakers id="AmazonEcho">
        <name>Amazon Echo</name>
        <price>68.99</price>
        <image>AmazonEcho.jpg</image>
        <manufacturer>Amazon</manufacturer>
        <discount>20.0</discount>
    </smartspeakers>
	
	<smartspeakers id="AmazonEchoDot">
        <name>Amazon Echo Dot</name>
        <price>38.99</price>
        <image>AmazonEchoDot.jpg</image>
        <manufacturer>Amazon</manufacturer>
        <discount>10.0</discount>
    </smartspeakers>
	
	<smartspeakers id="Google Home">
        <name>Google Home</name>
        <price>129.00</price>
        <image>GoogleHome.jpg</image>
        <manufacturer>Google</manufacturer>
        <discount>0.0</discount>
    </smartspeakers>
	
	<smartspeakers id="GoogleHomeMini">
        <name>Google Home Mini</name>
        <price>25.00</price>
        <image>GoogleHomeMini.jpg</image>
        <manufacturer>Google</manufacturer>
        <discount>0.0</discount>
    
	</smartspeakers>
</SmartSpeakerCatalog>

<AccessoryCatalog>

    <accessory id="GalaxyGearVR">
        <name>Galaxy Gear VR</name>
        <price>89.99</price>
        <image>GalaxyGearVR.jpg</image>
        <manufacturer>Samsung</manufacturer>
     </accessory>

    <accessory id="GalaxyGearFit2Pro">
        <name>Galaxy Gear Fit 2 Pro</name>
        <price>89.99</price>
        <image>GalaxyGearFit2Pro.jpg</image>
        <manufacturer>Samsung</manufacturer>
		</accessory>
	 
	 <accessory id="TemperedGlass">
        <name>Tempered Glass</name>
        <price>9.99</price>
        <image>TemperedGlass.jpg</image>
        <manufacturer>Samsung</manufacturer>
     </accessory>

    <accessory id="Google Pixelbook pen">
        <name>GooglePixelbookpen</name>
        <price>50</price>
        <image>GooglePixelbookpen.jpg</image>
        <manufacturer>Google</manufacturer>
     </accessory>
	 
	
</AccessoryCatalog>

<WearableTechnologyCatalog>
	<WearableTechnology id="FitbitBlaze">
        <name>Fitbit Blaze</name>
        <price>108.99</price>
        <image>FitbitBlaze.jpg</image>
		<type>FitnessTracker</type>
        <discount>20.0</discount>
    </WearableTechnology>
	<WearableTechnology id="FitbitCharge">
        <name>Fitbit Charge</name>
        <price>48.99</price>
        <image>FitbitCharge.jpg</image>
		<type>FitnessTracker</type>
        <discount>20.0</discount>
    </WearableTechnology>
	<WearableTechnology id="FitbitCharge2">
        <name>Fitbit Charge2</name>
        <price>78.99</price>
        <image>FitbitCharge2.jpg</image>
		<type>FitnessTracker</type>
        <discount>20.0</discount>
    </WearableTechnology>
	<WearableTechnology id="FitbitVersa">
        <name>Fitbit Versa</name>
        <price>148.99</price>
        <image>FitbitVersa.jpg</image>
		<type>FitnessTracker</type>
        <discount>20.0</discount>
    </WearableTechnology>
	<WearableTechnology id="MichaelKors">
        <name>Michael Kors</name>
        <price>350.99</price>
        <image>MichaelKors.jpg</image>
		<type>SmartWatches</type>
        <discount>0.0</discount>
    </WearableTechnology>
	<WearableTechnology id="KateSpade">
        <name>Kate Spade</name>
        <price>48.99</price>
        <image>FitbitBlaze.jpg</image>
		<type>SmartWatches</type>
        <discount>20.0</discount>
    </WearableTechnology>
	<WearableTechnology id="Fossil">
        <name>Fossil</name>
        <price>248.99</price>
        <image>Fossil.jpg</image>
		<type>SmartWatches</type>
        <discount>20.0</discount>
    </WearableTechnology>
	<WearableTechnology id="BeatsSolo">
        <name>Beats Solo</name>
        <price>89.99</price>
        <image>BeatsSolo.jpg</image>
		<type>HeadPhones</type>
        <discount>20.0</discount>
    </WearableTechnology>
	<WearableTechnology id="SonyMDR">
        <name>SonyMDR</name>
        <price>148.99</price>
        <image>SonyMDR.jpg</image>
		<type>HeadPhones</type>
        <discount>20.0</discount>
    </WearableTechnology>
	<WearableTechnology id="AppleAirPods">
        <name>Apple AirPods</name>
        <price>48.99</price>
        <image>AppleAirPods.jpg</image>
		<type>HeadPhones</type>
        <discount>20.0</discount>
    </WearableTechnology>
	<WearableTechnology id="OculusGo">
        <name>Oculus Go</name>
        <price>199.99</price>
        <image>oculusgo.jpg</image>
		<type>VirtualReality</type>
        <discount>20.0</discount>
    </WearableTechnology>
	<WearableTechnology id="SamsungGear">
        <name>Samsung Gear</name>
        <price>199.99</price>
        <image>SamsungGear.jpg</image>
		<type>VirtualReality</type>
        <discount>20.0</discount>
    </WearableTechnology>
	<WearableTechnology id="Sony UHD 40">
        <name>Sony UHD 40</name>
        <price>99.99</price>
        <image>DellHtcDeulux.jpg</image>
		<type>VirtualReality</type>
        <discount>20.0</discount>
    </WearableTechnology>
	
	<WearableTechnology id="FindsterDuo">
        <name>Findster Duo</name>
        <price>199.99</price>
        <image>FindsterDuo.jpg</image>
		<type>PetTracker</type>
        <discount>20.0</discount>
    </WearableTechnology>
	
	<WearableTechnology id="PetGps">
        <name>Pet Gps</name>
        <price>79.99</price>
        <image>PetGps.jpg</image>
		<type>PetTracker</type>
        <discount>2.0</discount>
    </WearableTechnology>
	
	
	<WearableTechnology id="GoFinderPet">
        <name>Go Finder Pet</name>
        <price>199.99</price>
        <image>GoFinderPet.jpg</image>
		<type>PetTracker</type>
        <discount>59.0</discount>
    </WearableTechnology>
	
	<WearableTechnology id="SureFlap">
        <name>Sure Flap</name>
        <price>99.99</price>
        <image>SureFlap.jpg</image>
		<type>PetTracker</type>
        <discount>20.0</discount>
    </WearableTechnology>
</WearableTechnologyCatalog>
</ProductCatalog>
