<?xml version="1.0" encoding="UTF-8"?>

<ProductCatalog>

<TVCatalog>
    <tv id="Xbox One">
        <name>Xbox One</name>
        <price>749.99</price>
        <image>xbox1.jpg</image>
        <manufacturer>Samsung</manufacturer>
        <condition>New</condition>
        <discount>10.0</discount>
        <accessories>
            <accessory>xboxone_wc</accessory>
            <accessory>xboxone_sh</accessory>
			<accessory>xboxone_kg</accessory>
            <accessory>xboxone_vb</accessory>
			<accessory>xboxone_rs</accessory>
            <accessory>xboxone_mp</accessory>
			<accessory>xboxone_mc</accessory>
			
			
        </accessories>
    </tv>
    <tv id="xbox360">
        <name>xbox360</name>
        <price>1199.99</price>
        <image>xbox360.jpg</image>
        <manufacturer>Samsung</manufacturer>
        <condition>New</condition>
        <discount>10.0</discount>
        <accessories>
            <accessory>xbox360_wc</accessory>
            <accessory>xbox360_sh</accessory>
			<accessory>xbox360_vb</accessory>
			<accessory>xbox360_rs</accessory>
			<accessory>xbox360_mp</accessory>
			<accessory>xbox360_kg</accessory>
        </accessories>
    </tv>

    <tv id="tv3">
        <name>Sony 4K Smart Tv with HDR</name>
        <price>1349.99</price>
        <image>PS4-console-bundle.jpg</image>
        <manufacturer>Sony</manufacturer>
        <condition>New</condition>
        <discount>10.0</discount>
        <accessories>
            <accessory>ps4_wc</accessory>
			
        </accessories>
    </tv>
    <tv id="tv4">
        <name>Sony 55" BRAVIA KD-A1</name>
        <price>1299.99</price>
        <image>ps3.jpg</image>
        <manufacturer>Sony</manufacturer>
        <condition>New</condition>
        <discount>10.0</discount>
        <accessories>
            <accessory>ps3_wc</accessory>
			
        </accessories>
    </tv>
    <tv id="tv5">
        <name>Toshiba 50" 4K Smart Tv with HDR </name>
        <price>999.99</price>
        <image>Wii-Console.jpg</image>
        <manufacturer>Toshiba</manufacturer>
        <condition>New</condition>
        <discount>10.0</discount>
        <accessories>
            <accessory>nintendo_wc</accessory>
            <accessory>nintendo_sh</accessory>
        </accessories>
    </tv>
    <tv id="tv6">
        <name>LG 60" AU500 Smart Tv</name>
        <price>549.99</price>
        <image>t6.jpg</image>
        <manufacturer>LG</manufacturer>
        <condition>New</condition>
        <discount>10.0</discount>
    </tv>
   <tv id="tv7">
        <name>TCL 55" ZK900 Smart Tv</name>
        <price>699.99</price>
        <image>t7.jpg</image>
        <manufacturer>TCL</manufacturer>
        <condition>New</condition>
        <discount>10.0</discount>
   </tv>
</TVCatalog>

<PhoneCatalog>
    <phone id="p1">
        <name>One Plus 7 Pro</name>
        <price>749.99</price>
        <image>apple1.jpg</image>
        <manufacturer>OnePlus</manufacturer>
        <condition>New</condition>
        <discount>40.0</discount>
    </phone>
    <phone id="p2">
        <name>One plus 7</name>
        <price>649.99</price>
        <image>apple2.jpg</image>
        <manufacturer>OnePlus</manufacturer>
        <condition>Used</condition>
        <discount>20.0</discount>
    </phone>
    <phone id="p3">
        <name>iPhone 11</name>
        <price>999.99</price>
        <image>m1.jpg</image>
        <manufacturer>iPhone</manufacturer>
        <condition>New</condition>
        <discount>15.0</discount>
    </phone>
    <phone id="p4">
        <name>iphone X</name>
        <price>899.99</price>
        <image>m2.jpg</image>
        <manufacturer>iPhone</manufacturer>
        <condition>New</condition>
        <discount>15.0</discount>
    </phone>
    <phone id="p5">
        <name>Samsung S10</name>
        <price>849.99</price>
        <image>s1.jpg</image>
        <manufacturer>Samsung</manufacturer>
        <condition>New</condition>
        <discount>15.0</discount>
    </phone>
    <phone id="p6">
        <name>Moto g5</name>
        <price>469.99</price>
        <image>p6.jpg</image>
        <manufacturer>Motorola</manufacturer>
        <condition>New</condition>
        <discount>40.0</discount>
    </phone>
   <phone id="p7">
        <name>Nokia 7</name>
        <price>699.99</price>
        <image>p7.jpg</image>
        <manufacturer>Nokia</manufacturer>
        <condition>New</condition>
        <discount>40.0</discount>
    </phone>

</PhoneCatalog>
<SoundCatalog>
<sound id="g1">
        <name>Bose Speaker system 4 - Silver</name>
        <price>499.99</price>
        <image>ea_fifa.jpg</image>
        <manufacturer>Bose</manufacturer>
        <condition>New</condition>
        <discount>15.0</discount>
</sound>
<sound id="g2">
        <name>Bose Acoustimass® 5 Series V stereo speaker system</name>
        <price>849.99</price>
        <image>ea_nfs.jpg</image>
        <manufacturer>Bose</manufacturer>
        <condition>Refurbished</condition>
        <discount>15.0</discount>
</sound>
<sound id="g3">
        <name>JBL EON615 Speaker System</name>
        <price>1399.99</price>
        <image>activision_cod.jpg</image>
        <manufacturer>JBL</manufacturer>
        <condition>New</condition>
        <discount>15.0</discount>
</sound>
<sound id="g5">
        <name>JBL PRX815W</name>
        <price>1749.99</price>
        <image>ak.jpg</image>
        <manufacturer>JBL</manufacturer>
        <condition>New</condition>
        <discount>15.0</discount>
</sound>
<sound id="g4">
        <name>Black PoppinPod Kolo 1</name>
        <price>4999.99</price>
        <image>tti_evolve.jpg</image>
        <manufacturer>PoppinPod</manufacturer>
        <condition>New</condition>
        <discount>15.0</discount>
</sound>
<sound id="g6">
        <name>yamaha yas sound bar</name>
        <price>1499.99</price>
        <image>s6.jpg</image>
        <manufacturer>Yamaha</manufacturer>
        <condition>New</condition>
        <discount>15.0</discount>
</sound>
<sound id="g7">
        <name>Infinity A1 sound bar</name>
        <price>699.99</price>
        <image>s7.jpg</image>
        <manufacturer>Infinity</manufacturer>
        <condition>New</condition>
        <discount>15.0</discount>
</sound>

</SoundCatalog>

<AccessoryCatalog>

    <accessory id="xboxone_wc">
        <name>HP pavilion</name>
        <price>89.99</price>
        <image>XBOX controller.jpg</image>
        <manufacturer>Samsung</manufacturer>
        <condition>New</condition>
        <discount>40.0</discount>
     </accessory>

   <accessory id="xboxone_sh">
        <name>Turtle Beach Headset</name>
        <price>89.99</price>
        <image>Turtle Beach Headset.jpg</image>
        <manufacturer>Samsung</manufacturer>
        <condition>New</condition>
        <discount>40.0</discount>
     </accessory>
	 
	 <accessory id="xboxone_vb">
        <name>joystick</name>
        <price>89.99</price>
        <image>joystick.jpg</image>
        <manufacturer>Samsung</manufacturer>
        <condition>New</condition>
        <discount>40.0</discount>
     </accessory>

    <accessory id="xboxone_kg">
        <name>Keypad</name>
        <price>89.99</price>
        <image>keypad.jpg</image>
        <manufacturer>Samsung</manufacturer>
        <condition>New</condition>
        <discount>40.0</discount>
     </accessory>
	 
	 <accessory id="xboxone_rs">
        <name>Starterkit</name>
        <price>89.99</price>
        <image>starterkit.jpeg</image>
        <manufacturer>Samsung</manufacturer>
        <condition>New</condition>
        <discount>40.0</discount>
     </accessory>

    <accessory id="xboxone_mp">
        <name>Wireless adpter</name>
        <price>89.99</price>
        <image>wirelessadapter.jpg</image>
        <manufacturer>Samsung</manufacturer>
        <condition>New</condition>
        <discount>40.0</discount>
     </accessory>
	 
	 <accessory id="xboxone_mc">
        <name>Wireless </name>
        <price>89.99</price>
        <image>wirelessadapter.jpg</image>
        <manufacturer>Samsung</manufacturer>
        <condition>New</condition>
        <discount>40.0</discount>
     </accessory>
	 

    <accessory id="xbox360_wc">
        <name>XBOX Speeding Wheel</name>
        <price>89.99</price>
        <image>XBOX360-SpeedWheel.jpg</image>
        <manufacturer>Samsung</manufacturer>
        <condition>New</condition>
        <discount>40.0</discount>
     </accessory>

    <accessory id="xbox360_sh">
        <name>XBOX Wireless Adapter</name>
        <price>89.99</price>
        <image>xbox360_wa.png</image>
        <manufacturer>Samsung</manufacturer>
        <condition>New</condition>
        <discount>40.0</discount>
     </accessory>
	 
	 <accessory id="xbox360_vb">
        <name>Remote</name>
        <price>89.99</price>
        <image>remote.jpg</image>
        <manufacturer>Samsung</manufacturer>
        <condition>New</condition>
        <discount>40.0</discount>
     </accessory>
	 	 <accessory id="xbox360_rs">
        <name>messengerkit</name>
        <price>89.99</price>
        <image>messengerkit.jpg</image>
        <manufacturer>Samsung</manufacturer>
        <condition>New</condition>
        <discount>40.0</discount>
     </accessory>
	 
	 	 <accessory id="xbox360_mp">
        <name>Steering</name>
        <price>89.99</price>
        <image>steering.jpg</image>
        <manufacturer>Samsung</manufacturer>
        <condition>New</condition>
        <discount>40.0</discount>
     </accessory>
	 
	 	 <accessory id="xbox360_kg">
        <name>Charger</name>
        <price>89.99</price>
        <image>charger.jpg</image>
        <manufacturer>Samsung</manufacturer>
        <condition>New</condition>
        <discount>40.0</discount>
     </accessory>

    <accessory id="ps4_wc">
        <name>PS Controller</name>
        <price>89.99</price>
        <image>XBOX controller.jpg</image>
        <manufacturer>Sony</manufacturer>
        <condition>New</condition>
        <discount>40.0</discount>
     </accessory>

    <accessory id="ps3_wc">
        <name>PS Gaming HeadPhones</name>
        <price>89.99</price>
        <image>Turtle Beach Headset.jpg</image>
        <manufacturer>Sony</manufacturer>
        <condition>New</condition>
        <discount>40.0</discount>
     </accessory>

    <accessory id="nintendo_wc">
        <name>Nintendo Controller</name>
        <price>89.99</price>
        <image>Wii1.jpg</image>
        <manufacturer>Toshiba</manufacturer>
        <condition>New</condition>
        <discount>40.0</discount>
     </accessory>

    <accessory id="nintendo_sh">
        <name>Nintendo Racing Controller</name>
        <price>89.99</price>
        <image>Wii2.jpg</image>
        <manufacturer>Toshiba</manufacturer>
        <condition>New</condition>
        <discount>40.0</discount>
     </accessory>


	 
  

</AccessoryCatalog>






<VoiceCatalog>
<voice id="v1">
        <name>Amazon Echo 3rd gen</name>
        <price>200.00</price>
        <image>v1.jpg</image>
        <manufacturer>AmazonAlexa</manufacturer>
        <condition>New</condition>
        <discount>15.0</discount>
</voice>
<voice id="v2">
        <name>Amazon Echo 2nd gen</name>
        <price>149.99</price>
        <image>v2.jpg</image>
        <manufacturer>AmazonAlexa</manufacturer>
        <condition>Refurbished</condition>
        <discount>15.0</discount>
</voice>
<voice id="v3">
        <name>Google Home Smart Speaker</name>
        <price>399.99</price>
        <image>v3.jpg</image>
        <manufacturer>GoogleAssistant</manufacturer>
        <condition>New</condition>
        <discount>15.0</discount>
</voice>
<voice id="v5">
        <name>Google Home Hub Assistant</name>
        <price>179.99</price>
        <image>v4.jpg</image>
        <manufacturer>GoogleAssistant</manufacturer>
        <condition>New</condition>
        <discount>15.0</discount>
</voice>
<voice id="v4">
        <name> Microsoft Cortana 1st gen</name>
        <price>499.99</price>
        <image>v5.jpg</image>
        <manufacturer>MicrosoftCortana</manufacturer>
        <condition>New</condition>
        <discount>15.0</discount>
</voice>
<voice id="v6">
        <name>Apple HomePad</name>
        <price>249.99</price>
        <image>v6.jpg</image>
        <manufacturer>AppleAssistant</manufacturer>
        <condition>New</condition>
        <discount>15.0</discount>
</voice>
<voice id="v7">
        <name>Sonos voice Assistant</name>
        <price>369.99</price>
        <image>v7.jpg</image>
        <manufacturer>Sonos</manufacturer>
        <condition>New</condition>
        <discount>15.0</discount>
</voice>
</VoiceCatalog>


<WirelessCatalog>
<wireless id="w1">
        <name>Basic plan</name>
        <price>49.99</price>
        <image>basic.PNG</image>
        <manufacturer>Basic</manufacturer>
        <condition>New</condition>
        <discount>15.0</discount>
</wireless>
<wireless id="w2">
        <name>Premium plan</name>
        <price>99.99</price>
        <image>premium.PNG</image>
        <manufacturer>Premium</manufacturer>
        <condition>Refurbished</condition>
        <discount>15.0</discount>
</wireless>
<wireless id="w3">
        <name>Ultimate plan</name>
        <price>199.99</price>
        <image>ultimate.PNG</image>
        <manufacturer>Ultimate</manufacturer>
        <condition>New</condition>
        <discount>15.0</discount>
</wireless>


</WirelessCatalog>






<LaptopCatalog>
<laptop id="l1">
        <name>HP Spectre</name>
        <price>1499.99</price>
        <image>l1.jpg</image>
        <manufacturer>HP</manufacturer>
        <condition>New</condition>
        <discount>15.0</discount>
</laptop>
<laptop id="l2">
        <name>HP ENVY</name>
        <price>1049.99</price>
        <image>l2.jpg</image>
        <manufacturer>HP</manufacturer>
        <condition>Refurbished</condition>
        <discount>15.0</discount>
</laptop>
<laptop id="l3">
        <name>DELL Inspiron 15</name>
        <price>1399.99</price>
        <image>l3.jpg</image>
        <manufacturer>DELL</manufacturer>
        <condition>New</condition>
        <discount>15.0</discount>
</laptop>
<laptop id="l5">
        <name>DELL XPS 15</name>
        <price>1649.99</price>
        <image>l4.jpg</image>
        <manufacturer>DELL</manufacturer>
        <condition>New</condition>
        <discount>15.0</discount>
</laptop>
<laptop id="l4">
        <name>Microsoft Surface</name>
        <price>2999.99</price>
        <image>l5.jpg</image>
        <manufacturer>Microsoft</manufacturer>
        <condition>New</condition>
        <discount>15.0</discount>
</laptop>
<laptop id="l7">
        <name>Lenevo Surface go</name>
        <price>1799.99</price>
        <image>l6.jpg</image>
        <manufacturer>Lenevo</manufacturer>
        <condition>New</condition>
        <discount>15.0</discount>
</laptop>

<laptop id="l6">
        <name>Acer Aspire 5</name>
        <price>1499.99</price>
        <image>l7.jpg</image>
        <manufacturer>Acer</manufacturer>
        <condition>New</condition>
        <discount>15.0</discount>
</laptop>



</LaptopCatalog>






<SmartCatalog>
<smart id="s1">
        <name>Apple watch 4 </name>
        <price>449.99</price>
        <image>a1.jpg</image>
        <manufacturer>apple</manufacturer>
        <condition>New</condition>
        <discount>15.0</discount>
</smart>
<smart id="s2">
        <name>Apple watch 5</name>
        <price>649.99</price>
        <image>a2.jpg</image>
        <manufacturer>apple</manufacturer>
        <condition>Refurbished</condition>
        <discount>15.0</discount>
</smart>
<smart id="s3">
        <name>Fossil gen 5</name>
        <price>899.99</price>
        <image>a3.jpg</image>
        <manufacturer>fossil</manufacturer>
        <condition>New</condition>
        <discount>15.0</discount>
</smart>
<smart id="s5">
        <name>Fossil gen 4</name>
        <price>749.99</price>
        <image>a4.jpg</image>
        <manufacturer>fossil</manufacturer>
        <condition>New</condition>
        <discount>15.0</discount>
</smart>
<smart id="s4">
        <name>Fastrack gen 3</name>
        <price>499.99</price>
        <image>a5.jpg</image>
        <manufacturer>fastrack</manufacturer>
        <condition>New</condition>
        <discount>15.0</discount>
</smart>
<smart id="s6">
        <name>ASUS ZenWatch 3</name>
        <price>499.99</price>
        <image>s7.jpg</image>
        <manufacturer>Asus</manufacturer>
        <condition>New</condition>
        <discount>15.0</discount>
</smart>
<smart id="s7">
        <name>Xiaomi Amazfit</name>
        <price>499.99</price>
        <image>s6.jpg</image>
        <manufacturer>Xiaomi</manufacturer>
        <condition>New</condition>
        <discount>15.0</discount>
</smart>

</SmartCatalog>




<FitnessCatalog>
<fitness id="f1">
        <name>Fitbit versa 2</name>
        <price>199.99</price>
        <image>f1.jpg</image>
        <manufacturer>Fitbit</manufacturer>
        <condition>New</condition>
        <discount>15.0</discount>
</fitness>
<fitness id="f2">
        <name>Fitbit versa 3</name>
        <price>249.99</price>
        <image>f2.jpg</image>
        <manufacturer>Fitbit</manufacturer>
        <condition>Refurbished</condition>
        <discount>15.0</discount>
</fitness>
<fitness id="f3">
        <name>Huawei Band 3 Pro</name>
        <price>399.99</price>
        <image>f3.jpg</image>
        <manufacturer>Huawei</manufacturer>
        <condition>New</condition>
        <discount>15.0</discount>
</fitness>
<fitness id="f5">
        <name>Huawei Band pro 4</name>
        <price>549.99</price>
        <image>f4.jpg</image>
        <manufacturer>Huawei</manufacturer>
        <condition>New</condition>
        <discount>15.0</discount>
</fitness>
<fitness id="f4">
        <name>Garmin Vivosport 4</name>
        <price>799.99</price>
        <image>f5.jpg</image>
        <manufacturer>Garmin</manufacturer>
        <condition>New</condition>
        <discount>15.0</discount>
</fitness>
<fitness id="f6">
        <name>Honor 2 black</name>
        <price>799.99</price>
        <image>f6.jpg</image>
        <manufacturer>Honor</manufacturer>
        <condition>New</condition>
        <discount>15.0</discount>
</fitness>
<fitness id="f7">
        <name>Fossil fitness watch</name>
        <price>799.99</price>
        <image>f7.jpg</image>
        <manufacturer>Fossil</manufacturer>
        <condition>New</condition>
        <discount>15.0</discount>
</fitness>

</FitnessCatalog>




<HeadphoneCatalog>
<headphone id="h1">
        <name>Sennheiser HD 280 pro</name>
        <price>499.99</price>
        <image>h1.jpg</image>
        <manufacturer>Sennheiser</manufacturer>
        <condition>New</condition>
        <discount>15.0</discount>
</headphone>
<headphone id="h2">
        <name>Sennheiser RS 175</name>
        <price>849.99</price>
        <image>h2.jpg</image>
        <manufacturer>Sennheiser</manufacturer>
        <condition>Refurbished</condition>
        <discount>15.0</discount>
</headphone>
<headphone id="h3">
        <name>Panasonic RP 125</name>
        <price>1399.99</price>
        <image>h3.jpg</image>
        <manufacturer>Panasonic</manufacturer>
        <condition>New</condition>
        <discount>15.0</discount>
</headphone>
<headphone id="h5">
        <name>Panasonic Retro</name>
        <price>1749.99</price>
        <image>h4.jpg</image>
        <manufacturer>Panasonic</manufacturer>
        <condition>New</condition>
        <discount>15.0</discount>
</headphone>
<headphone id="h4">
        <name>Philips NC1</name>
        <price>4999.99</price>
        <image>h5.jpg</image>
        <manufacturer>Philips</manufacturer>
        <condition>New</condition>
        <discount>15.0</discount>
</headphone>
<headphone id="h6">
        <name>Sony L2</name>
        <price>4999.99</price>
        <image>h6.jpg</image>
        <manufacturer>Sony</manufacturer>
        <condition>New</condition>
        <discount>15.0</discount>
</headphone>
<headphone id="h7">
        <name>Bose gen 2</name>
        <price>4999.99</price>
        <image>h7.jpg</image>
        <manufacturer>Bose</manufacturer>
        <condition>New</condition>
        <discount>15.0</discount>
</headphone>

</HeadphoneCatalog>

















</ProductCatalog>
